{"cameraMode":{"drawMode":0,"name":"Shaded","section":"Shading Mode"},"sceneLighting":false,"audioPlay":false,"sceneViewState":{"m_AlwaysRefresh":false,"showFog":true,"showSkybox":false,"showFlares":true,"showImageEffects":true,"showParticleSystems":true,"showVisualEffectGraphs":true,"m_FxEnabled":true},"in2DMode":false,"pivot":{"x":-9.699600219726563,"y":2.0571768283843996,"z":5.530393600463867},"rotation":{"x":-0.004408834967762232,"y":-0.9048112630844116,"z":-0.009189317002892495,"w":0.4257391393184662},"size":0.44709330797195437,"orthographic":false}