{"cameraMode":{"drawMode":0,"name":"Shaded","section":"Shading Mode"},"sceneLighting":true,"audioPlay":false,"sceneViewState":{"m_AlwaysRefresh":false,"showFog":true,"showSkybox":true,"showFlares":true,"showImageEffects":true,"showParticleSystems":true,"showVisualEffectGraphs":true,"m_FxEnabled":true},"in2DMode":false,"pivot":{"x":6.191524505615234,"y":-3.606548309326172,"z":-10.672127723693848},"rotation":{"x":0.0035079794470220806,"y":-0.9656130075454712,"z":0.2597804069519043,"w":0.013341550715267659},"size":11.148641586303711,"orthographic":false}